z,muF_minus_1,alphaM,dLGW_dLEM_minus_1
0,-0.056604,0.062264,0.000000
0.5,-0.036990,0.043155,0.010656
1.0,-0.027229,0.032675,0.016153
1.5,-0.021429,0.026144,0.019480
2.0,-0.017604,0.021711,0.021701
